Organization Name,Address_1,Address_2,City,State,Zipcode,Organization Phone,Organization email,Fax,Website URL
All Stars Project New Jersey,33 Washington Street,,Newark,NJ,7102,973-856-6694,jhorton@allstars.org,,https://allstars.org/locations/new-jersey/
"ASPIRA, Inc. of New Jersey",390 Broad Street,,Newark,NJ,7104,973-484-7554,,,https://aspira.org/book/programs
"YouthBuild Newark, Inc.",571 Central Avenue,2nd Floor,Newark,NJ,7107,973-297-0592,,,http://www.youthbuildnewarknj.org/programs/youthbuild/
npower - New Jersey,285 West Side Ave,,Jersey City,NJ,7305,908-892-8190,Bea.Tassot@npower.org,,https://www.npower.org/
Eckerd Connects Workforce Development,213 Broadway,,Long Beach,NJ,7740,718-974-5991,,,https://eckerd.org/region/nj/
Housing Authority of the City of Camden,2021 Watson Street,2nd Floor,Camden,NJ,8105,856-968-2775,,,http://www.camdenhousing.org/services/youth-build/
Eckerd Connects Workforce Development,102 N Broad Street,,Trenton,NJ,8608,609-954-5635,,,https://eckerd.org/region/nj/
"Isles, Inc.",10 Wood Street,,Trenton,NJ,8618,609-341-4794,,,https://isles.org/our-approach-educate-and-train-isles-youth-institute/
New Jersey Youth ChalleNGe Academy,PO Box 340,,Trenton,NJ,8625,609-556-6050,RPM@dmava.nj.gov,,https://www.nj.gov/military/challenge/index.html
Eckerd Connects Workforce Development,1800 Route 9,,Toms River,NJ,8755,732-473-9090,,,https://eckerd.org/region/nj/
Eckerd Connects Workforce Development,1959 Route 9 South,,Toms River,NJ,8755,732-240-5995,,,https://eckerd.org/region/nj/
